Local / GT;Quadro;Tipo
GT 01;QLF-1A;QLF
GT 01;CM1.1;CM
GT 01;QE-AC-04;QE-AC
GT 02;QLF-1C;QLF
GT 02;CM1.3;CM
GT 02;CD CHUVEIRO;CD
GT 02;QLF-1B;QLF
GT 02;QLF-EXT-01;QLF
GT 02;CM1.4;CM
GT 02;QE-AC CM06;QE-AC
GT 02;QLF-1D;QLF
GT 02;CM12 VESTIÁRIO MASC DOCA 2;CM
GT 03;QLF-2A;QLF
GT 03;QE-AC-19;QE-AC
GT 03;CM2.1;CM
GT 03;QLF-2B;QLF
GT 04;CM 2.2;CM
GT 04;QLF-PONTO DE COBRANÇA;QLF
GT 05;QLF-2C;QLF
GT 05;QE-AC-14;QE-AC
GT 05;CM03;CM
GT 05;CM2.3;CM
GT 05;QLF-2D;QLF
GT 06;CM3.4;CM
GT 06;CM3.9;CM
GT 07;CM3.8;CM
GT 07;QE-AC-03;QE-AC
GT 07;CM20;CM
GT 07;QE-AC-02;QE-AC
GT 07;CM20;CM
GT 07;QE-AC-01;QE-AC
GT 07;CM20;CM
GT 07;QLF-1E;QLF
GT 07;QLF-3C;QLF
GT 07;QE-AC-21;QE-AC
GT 07;QLF-LOJAS ESCADAS ROLANTES AC;QLF
GT 07;QLF-3A;QLF
GT 07;QE-AC-16;QE-AC
GT 07;CM04;CM
GT 07;QLF-3B;QLF
GT 07;CM3.3;CM
GT 07;CM3.1;CM
GT 08;CM3.2;CM
GT 08;QLF-3D;QLF
GT 09;QE-AC-20;QE-AC
GT 09;CM4.2;CM
GT 09;QLF-CALÇADÃO;QLF
GT 09;QLF-2E;QLF
GT 09;CM4.3;CM
GT 09;QLF-E-B-LIMPEZA;QLF
GT 09;QLF-B.HIDRANTE;QLF
GT 09;QE-AC-17 SISTERNA;QE-AC
GT 09;QLF-2E;QLF
GT 11;QE-AC-12;QE-AC
GT 11;CM4.1;CM
GT 11;CM5.1;CM
GT 12;QLF-5B;QLF
GT 12;QLF-5A;QLF
GT 12;QE-AC-05 VENTILAÇÃO 14;QE-AC
GT 12;QE-AC-03;QE-AC
GT 12;CM5.2;CM
GT 13;QLF-1B;QLF
GT 13;CM1.5;CM
GT 13;QE-AC-29;QE-AC
GT 14;QLF-1C;QLF
GT 14;CM1.6;CM
GT 15;CM1.7;CM
GT 15;CM1.8;CM
GT 15;CM1.8;CM
GT 16;QLF-1E;QLF
GT 16;QE-AC-23;QE-AC
GT 16;QLF-N/E COZINHA;QLF
GT 17;QLF-2C;QLF
GT 17;CM2.5;CM
GT 17;QLF-2B;QLF
GT 17;CM2.4;CM
GT 17;QLF-2A;QLF
GT 18;CM2.6;CM
GT 18;QE-AC-24;QE-AC
GT 19;QLF-3B;QLF
GT 19;QLF-EXT.04;QLF
GT 19;QE-AC-34;QE-AC
GT 19;CM3.7;CM
GT 20;QLF-3C;QLF
GT 20;CM3.6;CM
GT 20;CD DOCA 5;CD
GT 20;QE-AC-26 REFEITÓRIO;QE-AC
GT 20;CM3.5;CM
GT 20;QLF-3A;QLF
GT 20;QE-AC-25;QE-AC
GT 20;CM09;CM
GT 21;QLF-5A;QLF
GT 21;CM4.5;CM
GT 22;CM5.7;CM
GT 22;CM5.4;CM
GT 22;QE-AC-33;QE-AC
GT 22;QLF-EXT.03;QLF
GT 22;QLF-AUX 03;QLF
GT 22;CM5.5;CM
GT 22;QLF-5B;QLF
GT 23;CM5.6;CM
GT 23;QE-AC-32;QE-AC
GT 23;QLF-5C;QLF
GT 24;CM5.3;CM
GT 24;QE-QC-08;QE-AC
BAIXO BARRA;CM4.4;CM
BAIXO BARRA;QLF-4B;QLF
CORREDOR MANUTENÇÃO;QE-AC-11;QE-AC
CORREDOR MANUTENÇÃO;QE-AC-19;QE-AC
SEM GT;QE-CAG CORREDOR DOCA 3 CAG;QE-CAG
SEM GT;QF-B-SPRINKLER CAG;QF
SEM GT;QF-BOMBAS REUSO;QF
SEM GT;QF-DG;QF
SEM GT;QLF-1B TELECOM DG;QLF
SUB2;QE-AC-06;QE-AC
SUB2;QLF-2F;QLF
SUB2;QLF-EXT02;QLF
SUB2;QLF-AUX-EXT.02;QLF
SUB2;QCR-GG2;QCR
SUB1;QRC-GG1;QRC
QE-AC-28;GT18;QE-AC
QE-AC-27;QTO FEMININO CORREDOR ADM;QE-AC
QE-AC-10;QTO MASCULINO CORREDOR MANUTENÇÃO;QE-AC
QE-AC-02;QTO MASCULINO PRAÇA;QE-AC
QE-AC-13;QTO RENNER JÓCKEY;QE-AC
QF-E-ELEVADOR-03;;QF
QF-E-ELEVADOR-04;;QF
QF-E-DAFE-04;;QF
QLC-E ELEVADOR 03/04;;QLC
QF-E ELEVADOR-01;;QF
QF-E-ELEVADOR 02;;QF
QF-E DAFE 02;;QF
QLC-E ELEVADOR 01/02;;QLC
CM4.6;TELHADO;CM
CASA DE MÁQUINA ELEVADOR COBASE;TELHADO;Outros
